Phase,Component,Status,Completion %,Start Date,End Date,Owner,Notes
Phase 1,Database Schema Design,✅ COMPLETED,100%,2026-03-27,2026-03-30,DevTeam,15 BP_PF_* tables created with proper constraints
Phase 1,Prisma Schema Configuration,✅ COMPLETED,100%,2026-03-30,2026-04-02,DevTeam,All models mapped with @@map declarations
Phase 1,Supabase Setup,✅ COMPLETED,100%,2026-04-02,2026-04-04,DevTeam,Auth enabled + PostgreSQL configured
Phase 2,TypeScript Strict Validation,✅ COMPLETED,100%,2026-04-04,2026-04-06,DevTeam,59 errors fixed; type-safe codebase
Phase 2,Frontend-Backend Coherence,✅ COMPLETED,100%,2026-04-06,2026-04-07,DevTeam,Enum values aligned (French/English); validation schemas created
Phase 3,SQL Schema Creation Scripts,✅ COMPLETED,100%,2026-04-07,2026-04-07,DevTeam,3 scripts (create/verify/safe) deployed to Supabase
Phase 3,Database Tables Deployment,✅ COMPLETED,100%,2026-04-07,2026-04-07,DevTeam,15 tables + 50 indexes + 3 enums created
Phase 3,Schema Verification,✅ COMPLETED,100%,2026-04-07,2026-04-07,DevTeam,All tables verified; audit logs enabled
Phase 4,Validation Schemas (Zod),✅ COMPLETED,100%,2026-04-07,2026-04-07,DevTeam,600+ lines; CRUD + workflow validation
Phase 4,Audit Logger Service,✅ COMPLETED,100%,2026-04-07,2026-04-07,DevTeam,Centralized logging with user context tracking
Phase 5,Authentication Middleware,✅ COMPLETED,100%,2026-04-07,2026-04-07,DevTeam,JWT validation + RBAC (4 roles) + role hierarchy
Phase 6,UserService (CRUD),✅ COMPLETED,100%,2026-04-07,2026-04-07,DevTeam,6 methods: create/get/getAll/update/changeRole/delete
Phase 6,ProjectService (CRUD),✅ COMPLETED,100%,2026-04-07,2026-04-07,DevTeam,7 methods with status workflow support
Phase 6,EvaluationService (Workflow),✅ COMPLETED,100%,2026-04-07,2026-04-07,DevTeam,Complete lifecycle: create/submit/validate/reject
Phase 6,API Routes - Users,✅ COMPLETED,100%,2026-04-07,2026-04-07,DevTeam,GET/POST/PUT/DELETE + [id] dynamic routes
Phase 6,API Routes - Projects,✅ COMPLETED,100%,2026-04-07,2026-04-07,DevTeam,GET/POST/PUT/DELETE + [id] dynamic routes
Phase 6,API Routes - Evaluations,✅ COMPLETED,100%,2026-04-07,2026-04-07,DevTeam,Full workflow: list/create/submit/validate/reject
Phase 6,API Documentation,✅ COMPLETED,100%,2026-04-07,2026-04-07,DevTeam,Complete endpoint specs + examples + error codes
Phase 7,API Verification & Fixes,✅ COMPLETED,100%,2026-04-07,2026-04-07,DevTeam,Prisma model names corrected; validation schemas fixed
Phase 7,Test Suite Creation,✅ COMPLETED,100%,2026-04-07,2026-04-07,DevTeam,11 test scenarios covering auth/RBAC/CRUD/workflow
Phase 8,Frontend Integration,⏳ PENDING,0%,2026-04-08,2026-04-12,FrontendTeam,UI components for CRUD and evaluation workflow
Phase 8,Testing & QA,⏳ PENDING,0%,2026-04-08,2026-04-10,QATeam,API integration tests + UAT
Phase 8,Production Deployment,⏳ PENDING,0%,2026-04-12,2026-04-14,DevOpsTeam,Vercel deployment + monitoring setup
Overall Project Status,All Core Backend Features,✅ COMPLETED,100%,2026-03-27,2026-04-07,DevTeam,Ready for frontend integration and testing