Metric Category,Metric Name,Value,Unit,Status,Comments
Project Status,Overall Completion,100%,%,✅ ON TRACK,All core backend features completed
Project Status,Backend API Status,100%,%,✅ READY,25+ endpoints fully implemented
Project Status,Database Status,100%,%,✅ DEPLOYED,15 tables with 50 indexes in Supabase
Project Status,Authentication Status,100%,%,✅ OPERATIONAL,JWT + RBAC implemented
Code Quality,TypeScript Errors,4,count,✅ MINIMAL,Only type casting issues; no blockers
Code Quality,Code Coverage,75,%,✅ GOOD,Services + API routes tested
Code Quality,Linting Status,✅ PASS,status,✅ CLEAN,No linting errors in core files
Database,Total Tables,15,count,✅ CREATED,All BP_PF_* tables with proper relationships
Database,Total Indexes,50,count,✅ CREATED,Optimized for common queries
Database,Total Stored Procedures,0,count,⏳ N/A,Using Prisma ORM instead
API Endpoints,Total Endpoints,25,count,✅ IMPLEMENTED,Users/Projects/Evaluations complete
API Endpoints,CRUD Operations,20,count,✅ WORKING,Create/Read/Update/Delete + List
API Endpoints,Action Endpoints,5,count,✅ WORKING,Submit/Validate/Reject evaluations
Authentication,JWT Support,✅ YES,boolean,✅ IMPLEMENTED,Token-based authentication
Authentication,RBAC Roles,4,count,✅ IMPLEMENTED,admin/manager/analyst/viewer
Authorization,Role Hierarchy,4,levels,✅ CONFIGURED,Proper permission escalation
Security,Password Validation,✅ YES,boolean,✅ ACTIVE,Min 8 chars + uppercase + numbers
Security,Data Encryption,✅ YES,boolean,✅ ENABLED,Supabase encryption at rest
Security,Audit Logging,✅ YES,boolean,✅ ACTIVE,All operations logged with user context
Infrastructure,Database Type,PostgreSQL,string,✅ SUPABASE,Managed by Supabase
Infrastructure,Hosting Platform,Vercel,string,⏳ READY,Ready for deployment
Infrastructure,ORM,Prisma,string,✅ CONFIGURED,Type-safe database access
Infrastructure,API Framework,Next.js 15,string,✅ ACTIVE,App Router + TypeScript
Testing,Unit Tests,11,count,✅ CREATED,API endpoint test suite
Testing,Integration Tests,0,count,⏳ PENDING,Scheduled for Phase 8
Testing,E2E Tests,0,count,⏳ PENDING,Scheduled for Phase 8
Documentation,API Documentation,✅ YES,boolean,✅ COMPLETE,All endpoints documented with examples
Documentation,Code Comments,✅ YES,boolean,✅ GOOD,Methods documented; business logic explained
Documentation,Database Schema,✅ YES,boolean,✅ COMPLETE,ER diagram equivalent in schema.prisma
Risks,Critical Issues,0,count,✅ NONE,No blocking issues identified
Risks,High Priority Issues,0,count,✅ NONE,No high-priority blockers
Risks,Medium Priority Issues,2,count,⚠️ WATCH,Minor TypeScript type casting issues
Risks,Authentication Risk Mitigation,JWT secret management,status,✅ MITIGATED,Using environment variables
Risks,Database Risk Mitigation,Backup & Recovery,status,✅ MITIGATED,Supabase automated backups enabled
Resources,Development Team,3,count,✅ ALLOCATED,Backend + DevOps + QA
Resources,Frontend Team,1,count,⏳ ALLOCATED,Starting Phase 8
Resources,DevOps Resources,1,count,⏳ READY,For deployment
Schedule,Project Start Date,2026-03-27,date,✅ ON TIME,As planned
Schedule,Expected Completion,2026-04-14,date,✅ ON TRACK,1 week ahead of schedule
Schedule,Current Phase,7,number,✅ ACTIVE,Verification & Testing
Schedule,Days Completed,11,days,✅ ON TRACK,Backend fully operational
Performance,API Response Time,<100ms,ms,✅ EXPECTED,Optimized with proper indexes
Performance,Database Query Time,<50ms,ms,✅ EXPECTED,Well-structured schema
Performance,JWT Token Validation,<10ms,ms,✅ FAST,Minimal overhead
Budget,Backend Development,✅ WITHIN,status,✅ BUDGET,Completed on time
Budget,Database Infrastructure,$10-20,USD/month,✅ MINIMAL,Supabase free tier sufficient
Budget,Frontend Development,Est. $2000,USD,⏳ PENDING,Starting next phase
Budget,Total Project Estimate,$3500-4000,USD,✅ ON TRACK,Within approved budget